{
	"pattrstorage" : 	{
		"name" : "raspiSetup",
		"slots" : 		{
			"1" : 			{
				"id" : 1,
				"data" : 				{
					"db.channel_strip_aoo[7]::filtergraph~" : [ 5, 0, 2, 0, 0, 0, 38.804431915283203, 1.0, 0.652541220188141, 1, 5, 1, 0, 0, 3313.126220703125, 1.003433108329773, 2.5, 2, 5, 1, 0, 0, 252.437774658203125, 1.0, 2.5, 3, 5, 1, 0, 0, 863.13580322265625, 1.0, 2.5, 4, 1, 1, 0, 0, 22050.0, 1.0, 0.70710676908493 ],
					"db.channel_strip_aoo[7]::live.gain~" : [ 0.0 ],
					"db.channel_strip_aoo[7]::number" : [ 8 ],
					"db.channel_strip_aoo[6]::filtergraph~" : [ 5, 0, 2, 0, 0, 0, 75.122840881347656, 1.0, 0.630620062351227, 1, 5, 1, 0, 0, 3313.126220703125, 1.003433108329773, 2.5, 2, 5, 1, 0, 0, 252.437774658203125, 1.0, 2.5, 3, 5, 1, 0, 0, 863.13580322265625, 1.0, 2.5, 4, 1, 1, 0, 0, 22050.0, 1.0, 0.70710676908493 ],
					"db.channel_strip_aoo[6]::live.gain~" : [ 0.0 ],
					"db.channel_strip_aoo[6]::number" : [ 6 ],
					"db.channel_strip_aoo[5]::filtergraph~" : [ 5, 0, 2, 0, 0, 0, 68.983085632324219, 1.0, 0.652541220188141, 1, 5, 1, 0, 0, 3313.126220703125, 1.003433108329773, 2.5, 2, 5, 1, 0, 0, 252.437774658203125, 1.0, 2.5, 3, 5, 1, 0, 0, 863.13580322265625, 1.0, 2.5, 4, 1, 1, 0, 0, 22050.0, 1.0, 0.70710676908493 ],
					"db.channel_strip_aoo[5]::live.gain~" : [ 0.0 ],
					"db.channel_strip_aoo[5]::number" : [ 4 ],
					"db.channel_strip_aoo[4]::filtergraph~" : [ 5, 0, 2, 0, 0, 0, 53.337024688720703, 1.0, 0.652541220188141, 1, 5, 1, 0, 0, 3313.126220703125, 1.003433108329773, 2.5, 2, 5, 1, 0, 0, 252.437774658203125, 1.0, 2.5, 3, 5, 1, 0, 0, 863.13580322265625, 1.0, 2.5, 4, 1, 1, 0, 0, 22050.0, 1.0, 0.70710676908493 ],
					"db.channel_strip_aoo[4]::live.gain~" : [ 0.0 ],
					"db.channel_strip_aoo[4]::number" : [ 2 ],
					"db.channel_strip_aoo[3]::filtergraph~" : [ 5, 0, 2, 0, 0, 0, 50.356693267822266, 1.0, 0.652541220188141, 1, 5, 1, 0, 0, 3313.126220703125, 1.003433108329773, 2.5, 2, 5, 1, 0, 0, 252.437774658203125, 1.0, 2.5, 3, 5, 1, 0, 0, 863.13580322265625, 1.0, 2.5, 4, 1, 1, 0, 0, 22050.0, 1.0, 0.70710676908493 ],
					"db.channel_strip_aoo[3]::live.gain~" : [ 0.0 ],
					"db.channel_strip_aoo[3]::number" : [ 2 ],
					"db.channel_strip_aoo[2]::filtergraph~" : [ 5, 0, 2, 0, 0, 0, 58.127349853515625, 1.0, 0.652541220188141, 1, 5, 1, 0, 0, 3313.126220703125, 1.003433108329773, 2.5, 2, 5, 1, 0, 0, 252.437774658203125, 1.0, 2.5, 3, 5, 1, 0, 0, 863.13580322265625, 1.0, 2.5, 4, 1, 1, 0, 0, 22050.0, 1.0, 0.70710676908493 ],
					"db.channel_strip_aoo[2]::live.gain~" : [ 0.0 ],
					"db.channel_strip_aoo[2]::number" : [ 4 ],
					"db.channel_strip_aoo[1]::filtergraph~" : [ 5, 0, 2, 0, 0, 0, 41.129730224609375, 1.0, 0.652541220188141, 1, 5, 1, 0, 0, 3313.126220703125, 1.003433108329773, 2.5, 2, 5, 1, 0, 0, 252.437774658203125, 1.0, 2.5, 3, 5, 1, 0, 0, 863.13580322265625, 1.0, 2.5, 4, 1, 1, 0, 0, 22050.0, 1.0, 0.70710676908493 ],
					"db.channel_strip_aoo[1]::live.gain~" : [ 0.0 ],
					"db.channel_strip_aoo[1]::number" : [ 6 ],
					"db.channel_strip_aoo::filtergraph~" : [ 5, 0, 2, 0, 0, 0, 35.548324584960938, 1.0, 0.652541220188141, 1, 5, 1, 0, 0, 3313.126220703125, 1.003433108329773, 2.5, 2, 5, 1, 0, 0, 252.437774658203125, 1.0, 2.5, 3, 5, 1, 0, 0, 863.13580322265625, 1.0, 2.5, 4, 1, 1, 0, 0, 22050.0, 1.0, 0.70710676908493 ],
					"db.channel_strip_aoo::live.gain~" : [ 0.0 ],
					"db.channel_strip_aoo::number" : [ 8 ]
				}

			}
,
			"38" : 			{
				"id" : 38,
				"data" : 				{
					"db.channel_strip_aoo[7]::filtergraph~" : [ 5, 0, 2, 0, 0, 0, 5.0, 1.0, 0.652541220188141, 1, 5, 1, 0, 0, 3313.126220703125, 1.003433108329773, 2.5, 2, 5, 1, 0, 0, 252.437774658203125, 1.0, 2.5, 3, 5, 1, 0, 0, 863.13580322265625, 1.0, 2.5, 4, 1, 1, 0, 0, 22050.0, 1.0, 0.70710676908493 ],
					"db.channel_strip_aoo[7]::live.gain~" : [ 0.0 ],
					"db.channel_strip_aoo[7]::number" : [ 0 ],
					"db.channel_strip_aoo[6]::filtergraph~" : [ 5, 0, 2, 0, 0, 0, 5.0, 1.0, 0.652541220188141, 1, 5, 1, 0, 0, 3313.126220703125, 1.003433108329773, 2.5, 2, 5, 1, 0, 0, 252.437774658203125, 1.0, 2.5, 3, 5, 1, 0, 0, 863.13580322265625, 1.0, 2.5, 4, 1, 1, 0, 0, 22050.0, 1.0, 0.70710676908493 ],
					"db.channel_strip_aoo[6]::live.gain~" : [ 0.0 ],
					"db.channel_strip_aoo[6]::number" : [ 0 ],
					"db.channel_strip_aoo[5]::filtergraph~" : [ 5, 0, 2, 0, 0, 0, 5.0, 1.0, 0.652541220188141, 1, 5, 1, 0, 0, 3313.126220703125, 1.003433108329773, 2.5, 2, 5, 1, 0, 0, 252.437774658203125, 1.0, 2.5, 3, 5, 1, 0, 0, 863.13580322265625, 1.0, 2.5, 4, 1, 1, 0, 0, 22050.0, 1.0, 0.70710676908493 ],
					"db.channel_strip_aoo[5]::live.gain~" : [ 0.0 ],
					"db.channel_strip_aoo[5]::number" : [ 0 ],
					"db.channel_strip_aoo[4]::filtergraph~" : [ 5, 0, 2, 0, 0, 0, 5.0, 1.0, 0.652541220188141, 1, 5, 1, 0, 0, 3313.126220703125, 1.003433108329773, 2.5, 2, 5, 1, 0, 0, 252.437774658203125, 1.0, 2.5, 3, 5, 1, 0, 0, 863.13580322265625, 1.0, 2.5, 4, 1, 1, 0, 0, 22050.0, 1.0, 0.70710676908493 ],
					"db.channel_strip_aoo[4]::live.gain~" : [ 0.0 ],
					"db.channel_strip_aoo[4]::number" : [ 0 ],
					"db.channel_strip_aoo[3]::filtergraph~" : [ 5, 0, 2, 0, 0, 0, 5.0, 1.0, 0.652541220188141, 1, 5, 1, 0, 0, 3313.126220703125, 1.003433108329773, 2.5, 2, 5, 1, 0, 0, 252.437774658203125, 1.0, 2.5, 3, 5, 1, 0, 0, 863.13580322265625, 1.0, 2.5, 4, 1, 1, 0, 0, 22050.0, 1.0, 0.70710676908493 ],
					"db.channel_strip_aoo[3]::live.gain~" : [ 0.0 ],
					"db.channel_strip_aoo[3]::number" : [ 0 ],
					"db.channel_strip_aoo[2]::filtergraph~" : [ 5, 0, 2, 0, 0, 0, 5.0, 1.0, 0.652541220188141, 1, 5, 1, 0, 0, 3313.126220703125, 1.003433108329773, 2.5, 2, 5, 1, 0, 0, 252.437774658203125, 1.0, 2.5, 3, 5, 1, 0, 0, 863.13580322265625, 1.0, 2.5, 4, 1, 1, 0, 0, 22050.0, 1.0, 0.70710676908493 ],
					"db.channel_strip_aoo[2]::live.gain~" : [ 0.0 ],
					"db.channel_strip_aoo[2]::number" : [ 0 ],
					"db.channel_strip_aoo[1]::filtergraph~" : [ 5, 0, 2, 0, 0, 0, 5.0, 1.0, 0.652541220188141, 1, 5, 1, 0, 0, 3313.126220703125, 1.003433108329773, 2.5, 2, 5, 1, 0, 0, 252.437774658203125, 1.0, 2.5, 3, 5, 1, 0, 0, 863.13580322265625, 1.0, 2.5, 4, 1, 1, 0, 0, 22050.0, 1.0, 0.70710676908493 ],
					"db.channel_strip_aoo[1]::live.gain~" : [ 0.0 ],
					"db.channel_strip_aoo[1]::number" : [ 0 ],
					"db.channel_strip_aoo::filtergraph~" : [ 5, 0, 2, 0, 0, 0, 5.0, 1.0, 0.652541220188141, 1, 5, 1, 0, 0, 3313.126220703125, 1.003433108329773, 2.5, 2, 5, 1, 0, 0, 252.437774658203125, 1.0, 2.5, 3, 5, 1, 0, 0, 863.13580322265625, 1.0, 2.5, 4, 1, 1, 0, 0, 22050.0, 1.0, 0.70710676908493 ],
					"db.channel_strip_aoo::live.gain~" : [ 0.0 ],
					"db.channel_strip_aoo::number" : [ 0 ]
				}

			}

		}

	}

}
